Invoice,Invoice Number*,Supplier Name,Supplier Number,Invoice Date*,Submit For Approval?,Handling Amount,Misc Amount,Shipping Amount,Line Level Taxation*,Tax Amount,Chart of Accounts*,Currency,Image Scan URL,Ship To Attention,Ship To Street1,Ship To Street2,Ship To City,Ship To State,Ship To Postal Code,Ship To Location Code,Remit To Address Street1,Remit To Address Street2,Remit To Address City,Remit To Address State,Remit To Address Postal Code,Remit To Address Country Code,Remit To Code,Original Invoice number,Original invoice date,Is Credit Note,Supplier Note
Invoice Line,Invoice Number*,Supplier Name,Supplier Number,Line Number,Description*,Supplier Part Number,Auxiliary Part Number,Price*,Quantity,Unit of Measure*,PO Number,PO Line Number,UNSPSC,,,,,,,,,,,,,,,,,,
Invoice,G832967,East Coast Metal Dist LLC,3793200,4/10/2026,Yes, ,, ,No,144.11,AMERICAN RESIDENTIAL SERVICES LLC,USD, ,East Coast Metal Dist LLC,615B Seaboard St, ,Myrtle Beach,SC,29577-6544,9055,1313 S Briggs Ave, ,Durham,NC,27703-5049,US,ACH, , , ,21469981
Invoice Line,G832967,East Coast Metal Dist LLC,3793200,00001,DAIKIN ENTRA/OTERRA SYSTEM PROMO,PC7306,PC7306,238.46,-1,EA,21469981,003,,,,,,,,,,,,,,,,,,,
Invoice Line,G832967,East Coast Metal Dist LLC,3793200,00002,12OZ. ONE COMPONENT FOAM SEALANT,55363,01714,6.7,1,EA,21469981,010,,,,,,,,,,,,,,,,,,,
Invoice Line,G832967,East Coast Metal Dist LLC,3793200,00003,230-CP4 4  UNION CPLNG SPDCHNL,81816,230-CP4,8.13,1,EA,21469981,006,,,,,,,,,,,,,,,,,,,
Invoice Line,G832967,East Coast Metal Dist LLC,3793200,00004,230-FB4 4  90D FLAT BEND ELBOW,81822,230-FB4,18,1,EA,21469981,011,,,,,,,,,,,,,,,,,,,
Invoice Line,G832967,East Coast Metal Dist LLC,3793200,00005,230-LFB4 4  LONG RADIUS BEND,81821,230-LFB4,19.81,1,EA,21469981,012,,,,,,,,,,,,,,,,,,,
Invoice Line,G832967,East Coast Metal Dist LLC,3793200,00006,230-WC4 4 WALL PENETRATION COVER,81818,230-WC4,20.15,1,EA,21469981,005,,,,,,,,,,,,,,,,,,,
Invoice Line,G832967,East Coast Metal Dist LLC,3793200,00007,58225705 14/4 STRANDED CABLE 50',370095A,58225705,55.92,1,EA,21469981,009,,,,,,,,,,,,,,,,,,,
Invoice Line,G832967,East Coast Metal Dist LLC,3793200,00008,18 X 38 X 3 E LITE PAD,277028A,EL1838-3,20,1,EA,21469981,008,,,,,,,,,,,,,,,,,,,
Invoice Line,G832967,East Coast Metal Dist LLC,3793200,00009,1/4X1/2X1/2 25'M/SPLIT L/S FLARE,79604,366400,125.31,1,EA,21469981,007,,,,,,,,,,,,,,,,,,,
Invoice Line,G832967,East Coast Metal Dist LLC,3793200,00010,RXC18AXVJU ENTRA 18K HP O/D R32,376489A,RXC18AXVJU,1062.32,1,EA,21469981,002,,,,,,,,,,,,,,,,,,,
Invoice Line,G832967,East Coast Metal Dist LLC,3793200,00011,FTXC18AXVJU ENTRA 18K HP I/D R32,376485A,FTXC18AXVJU,434.14,1,EA,21469981,001,,,,,,,,,,,,,,,,,,,
Invoice Line,G832967,East Coast Metal Dist LLC,3793200,00012,230-D4A 4  SPEEDICHANNEL,351278A,230-D4A,34.55,2,EA,21469981,004,,,,,,,,,,,,,,,,,,,
Invoice,G832993,East Coast Metal Dist LLC,3793200,4/10/2026,Yes, ,, ,No,21.57,AMERICAN RESIDENTIAL SERVICES LLC,USD, ,East Coast Metal Dist LLC,615B Seaboard St, ,Myrtle Beach,SC,29577-6544,9055,1313 S Briggs Ave, ,Durham,NC,27703-5049,US,ACH, , , ,21469596
Invoice Line,G832993,East Coast Metal Dist LLC,3793200,00001,73C 16X20-14 SQ/RD TRANS,19351,162014,59.18,1,EA,21469596,001,,,,,,,,,,,,,,,,,,,
Invoice Line,G832993,East Coast Metal Dist LLC,3793200,00002,73C 16X20-16 SQ/RD TRANS,19320,162016,59.18,1,EA,21469596,002,,,,,,,,,,,,,,,,,,,
Invoice Line,G832993,East Coast Metal Dist LLC,3793200,00003,66NC    16X14  REDUCER,17545,581614,16.1,1,EA,21469596,003,,,,,,,,,,,,,,,,,,,
Invoice Line,G832993,East Coast Metal Dist LLC,3793200,00004,TP 1/2  IDX5/8  OD GAS CONN 48,83537,TP-GC-581212MM-48,12.55,1,EA,21469596,005,,,,,,,,,,,,,,,,,,,
Invoice Line,G832993,East Coast Metal Dist LLC,3793200,00005,1/2  BLACK TEE,358116A,IMP1105B12,0.98,1,EA,21469596,006,,,,,,,,,,,,,,,,,,,
Invoice Line,G832993,East Coast Metal Dist LLC,3793200,00006,14  FOIL FLEX R8 25' BX KM,21782,056314000001,91.5,1,EA,21469596,004,,,,,,,,,,,,,,,,,,,
Invoice,G845365,East Coast Metal Dist LLC,3793200,4/17/2026,Yes, ,, ,No,101.53,AMERICAN RESIDENTIAL SERVICES LLC,USD, ,East Coast Metal Dist LLC,615B Seaboard St, ,Myrtle Beach,SC,29577-6544,9055,1313 S Briggs Ave, ,Durham,NC,27703-5049,US,ACH, , , ,21517645
Invoice Line,G845365,East Coast Metal Dist LLC,3793200,00001,DAIKIN ENTRA/OTERRA SYSTEM PROMO,PC7306,PC7306,132.93,-1,EA,21517645,007,,,,,,,,,,,,,,,,,,,
Invoice Line,G845365,East Coast Metal Dist LLC,3793200,00002,PLASTIC ANCHOR KIT,79044,540-AK100,9.1,2,EA,21517645,005,,,,,,,,,,,,,,,,,,,
Invoice Line,G845365,East Coast Metal Dist LLC,3793200,00003,58225705 14/4 STRANDED CABLE 50',370095A,58225705,55.92,1,EA,21517645,006,,,,,,,,,,,,,,,,,,,
Invoice Line,G845365,East Coast Metal Dist LLC,3793200,00004,18 X 38 X 3 E LITE PAD,277028A,EL1838-3,20,1,EA,21517645,004,,,,,,,,,,,,,,,,,,,
Invoice Line,G845365,East Coast Metal Dist LLC,3793200,00005,1/4X3/8X1/2 25'M/SPLIT L/S FLARE,79603,366390,119.93,1,EA,21517645,003,,,,,,,,,,,,,,,,,,,
Invoice Line,G845365,East Coast Metal Dist LLC,3793200,00006,RXC09AXVJU ENTRA 9K HP O/D R32,376487A,RXC09AXVJU,670.14,1,EA,21517645,001,,,,,,,,,,,,,,,,,,,
Invoice Line,G845365,East Coast Metal Dist LLC,3793200,00007,FTXC09AXVJU ENTRA 9K HP I/D R32,376483A,FTXC09AXVJU,357.79,1,EA,21517645,002,,,,,,,,,,,,,,,,,,,
Invoice Line,G845365,East Coast Metal Dist LLC,3793200,00008,TDC-4 4  TIE DOWN CLIP 4PK,376085A,TDC-4,9.53,2,EA,21517645,008,,,,,,,,,,,,,,,,,,,
Invoice,G860780,East Coast Metal Dist LLC,3793200,4/27/2026,Yes, ,, ,No,8.41,AMERICAN RESIDENTIAL SERVICES LLC,USD, ,East Coast Metal Dist LLC,615B Seaboard St, ,Myrtle Beach,SC,29577-6544,9055,1313 S Briggs Ave, ,Durham,NC,27703-5049,US,ACH, , , ,21579783
Invoice Line,G860780,East Coast Metal Dist LLC,3793200,00001,ATT 16  TAKEOFF PLAIN,16790,ATT16,10.83,1,EA,21579783,007,,,,,,,,,,,,,,,,,,,
Invoice Line,G860780,East Coast Metal Dist LLC,3793200,00002,ATT 14  TAKEOFF PLAIN,16789,ATT14,9.1,2,EA,21579783,008,,,,,,,,,,,,,,,,,,,
Invoice Line,G860780,East Coast Metal Dist LLC,3793200,00003,122SC 12  DB COLLAR UNSNAPPED,17357,122SC12,2.14,2,EA,21579783,006,,,,,,,,,,,,,,,,,,,
Invoice Line,G860780,East Coast Metal Dist LLC,3793200,00004,08260I PRO SILICONE SEALNT CLEAR,375240A,08260I,6.5,2,EA,21579783,005,,,,,,,,,,,,,,,,,,,
Invoice Line,G860780,East Coast Metal Dist LLC,3793200,00005,16X25X1 AIR FILTER,70250,GDS16251,2.46,1,EA,21579783,002,,,,,,,,,,,,,,,,,,,
Invoice Line,G860780,East Coast Metal Dist LLC,3793200,00006,20X25X1 AIR FILTER,70320,GDS20251,2.64,1,EA,21579783,004,,,,,,,,,,,,,,,,,,,
Invoice Line,G860780,East Coast Metal Dist LLC,3793200,00007,190RF 16X25 FILTER RETURN GRILLE,49769,190RF16X25,21.41,1,EA,21579783,001,,,,,,,,,,,,,,,,,,,
Invoice Line,G860780,East Coast Metal Dist LLC,3793200,00008,190RF 20X25 FILTER RETURN GRILLE,49774,190RF20X25,20.77,1,EA,21579783,003,,,,,,,,,,,,,,,,,,,
Invoice,G863167,East Coast Metal Dist LLC,3793200,4/28/2026,Yes, ,, ,No,119.45,AMERICAN RESIDENTIAL SERVICES LLC,USD, ,East Coast Metal Dist LLC,615B Seaboard St, ,Myrtle Beach,SC,29577-6544,9055,1313 S Briggs Ave, ,Durham,NC,27703-5049,US,ACH, , , ,21580059
Invoice Line,G863167,East Coast Metal Dist LLC,3793200,00001,DAIKIN ENTRA/OTERRA SYSTEM PROMO,PC7306,PC7306,162.93,-1,EA,21580059,007,,,,,,,,,,,,,,,,,,,
Invoice Line,G863167,East Coast Metal Dist LLC,3793200,00002,PLASTIC ANCHOR KIT,79044,540-AK100,9.1,1,EA,21580059,012,,,,,,,,,,,,,,,,,,,
Invoice Line,G863167,East Coast Metal Dist LLC,3793200,00003,12OZ. ONE COMPONENT FOAM SEALANT,55363,01714,6.7,1,EA,21580059,013,,,,,,,,,,,,,,,,,,,
Invoice Line,G863167,East Coast Metal Dist LLC,3793200,00004,230-LFB4 4  LONG RADIUS BEND,81821,230-LFB4,19.81,4,EA,21580059,001,,,,,,,,,,,,,,,,,,,
Invoice Line,G863167,East Coast Metal Dist LLC,3793200,00005,230-CP4 4  UNION CPLNG SPDCHNL,81816,230-CP4,8.13,1,EA,21580059,011,,,,,,,,,,,,,,,,,,,
Invoice Line,G863167,East Coast Metal Dist LLC,3793200,00006,58225705 14/4 STRANDED CABLE 50',370095A,58225705,55.92,1,EA,21580059,002,,,,,,,,,,,,,,,,,,,
Invoice Line,G863167,East Coast Metal Dist LLC,3793200,00007,18 X 38 X 3 E LITE PAD,277028A,EL1838-3,20,1,EA,21580059,004,,,,,,,,,,,,,,,,,,,
Invoice Line,G863167,East Coast Metal Dist LLC,3793200,00008,1/4X3/8X1/2 50'M/SPLIT L/S FLARE,79606,366396,213.93,1,EA,21580059,008,,,,,,,,,,,,,,,,,,,
Invoice Line,G863167,East Coast Metal Dist LLC,3793200,00009,RXC09AXVJU ENTRA 9K HP O/D R32,376487A,RXC09AXVJU,670.14,1,EA,21580059,005,,,,,,,,,,,,,,,,,,,
Invoice Line,G863167,East Coast Metal Dist LLC,3793200,00010,FTXC09AXVJU ENTRA 9K HP I/D R32,376483A,FTXC09AXVJU,357.79,1,EA,21580059,006,,,,,,,,,,,,,,,,,,,
Invoice Line,G863167,East Coast Metal Dist LLC,3793200,00011,230-D4A 4  SPEEDICHANNEL,351278A,230-D4A,34.55,2,EA,21580059,009,,,,,,,,,,,,,,,,,,,
Invoice,G867882,East Coast Metal Dist LLC,3793200,4/30/2026,Yes, ,, ,No,25.4,AMERICAN RESIDENTIAL SERVICES LLC,USD, ,East Coast Metal Dist LLC,615B Seaboard St, ,Myrtle Beach,SC,29577-6544,9055,1313 S Briggs Ave, ,Durham,NC,27703-5049,US,ACH, , , ,21583061
Invoice Line,G867882,East Coast Metal Dist LLC,3793200,00001,ATDRP 6  RD TAKEOFF W/DMP,17068,ATDRP6,10.4,15,EA,21583061,002,,,,,,,,,,,,,,,,,,,
Invoice Line,G867882,East Coast Metal Dist LLC,3793200,00002,66NC     6X5  REDUCER,17510,5865,3.7,2,EA,21583061,003,,,,,,,,,,,,,,,,,,,
Invoice Line,G867882,East Coast Metal Dist LLC,3793200,00003,66NC     7X6  REDUCER,17514,5876,4.31,2,EA,21583061,004,,,,,,,,,,,,,,,,,,,
Invoice Line,G867882,East Coast Metal Dist LLC,3793200,00004,16  FOIL FLEX R8 25' BX KM,21783,056316000001,110.25,1,EA,21583061,001,,,,,,,,,,,,,,,,,,,
Invoice,G868058,East Coast Metal Dist LLC,3793200,4/30/2026,Yes, ,, ,No,8.82,AMERICAN RESIDENTIAL SERVICES LLC,USD, ,East Coast Metal Dist LLC,201 E COX FERRY RD, ,Conway,SC,29526,9055,1313 S Briggs Ave, ,Durham,NC,27703-5049,US,ACH, , , ,21592036
Invoice Line,G868058,East Coast Metal Dist LLC,3793200,00001,16  FOIL FLEX R8 25' BX KM,21783,056316000001,110.25,1,EA,21592036,001,,,,,,,,,,,,,,,,,,,
Invoice,G868767,East Coast Metal Dist LLC,3793200,4/30/2026,Yes, ,, ,No,121.91,AMERICAN RESIDENTIAL SERVICES LLC,USD, ,East Coast Metal Dist LLC,615B Seaboard St, ,Myrtle Beach,SC,29577-6544,9055,1313 S Briggs Ave, ,Durham,NC,27703-5049,US,ACH, , , ,21600485
Invoice Line,G868767,East Coast Metal Dist LLC,3793200,00001,DAIKIN ENTRA/OTERRA SYSTEM PROMO,PC7306,PC7306,181.74,-1,EA,21600485,011,,,,,,,,,,,,,,,,,,,
Invoice Line,G868767,East Coast Metal Dist LLC,3793200,00002,12OZ. ONE COMPONENT FOAM SEALANT,55363,01714,6.7,1,EA,21600485,010,,,,,,,,,,,,,,,,,,,
Invoice Line,G868767,East Coast Metal Dist LLC,3793200,00003,230-SF4 SOFFITT FITTINGS,81833,230-SF4,18.29,2,EA,21600485,007,,,,,,,,,,,,,,,,,,,
Invoice Line,G868767,East Coast Metal Dist LLC,3793200,00004,230-CP4 4  UNION CPLNG SPDCHNL,81816,230-CP4,8.13,3,EA,21600485,008,,,,,,,,,,,,,,,,,,,
Invoice Line,G868767,East Coast Metal Dist LLC,3793200,00005,230-WC4 4 WALL PENETRATION COVER,81818,230-WC4,20.15,1,EA,21600485,006,,,,,,,,,,,,,,,,,,,
Invoice Line,G868767,East Coast Metal Dist LLC,3793200,00006,58225705 14/4 STRANDED CABLE 50',370095A,58225705,55.92,1,EA,21600485,009,,,,,,,,,,,,,,,,,,,
Invoice Line,G868767,East Coast Metal Dist LLC,3793200,00007,18 X 38 X 3 E LITE PAD,277028A,EL1838-3,20,1,EA,21600485,004,,,,,,,,,,,,,,,,,,,
Invoice Line,G868767,East Coast Metal Dist LLC,3793200,00008,1/4X3/8X1/2 25'M/SPLIT L/S FLARE,79603,366390,125.93,1,EA,21600485,003,,,,,,,,,,,,,,,,,,,
Invoice Line,G868767,East Coast Metal Dist LLC,3793200,00009,RXC12AXVJU ENTRA 12K HP O/D R32,376488A,RXC12AXVJU,736.57,1,EA,21600485,001,,,,,,,,,,,,,,,,,,,
Invoice Line,G868767,East Coast Metal Dist LLC,3793200,00010,FTXC12AXVJU ENTRA 12K HP I/D R32,376484A,FTXC12AXVJU,406.17,1,EA,21600485,002,,,,,,,,,,,,,,,,,,,
Invoice Line,G868767,East Coast Metal Dist LLC,3793200,00011,230-D4A 4  SPEEDICHANNEL,351278A,230-D4A,34.55,3,EA,21600485,005,,,,,,,,,,,,,,,,,,,
Invoice,G869990,East Coast Metal Dist LLC,3793200,5/1/2026,Yes, ,, ,No,5.35,AMERICAN RESIDENTIAL SERVICES LLC,USD, ,East Coast Metal Dist LLC,615B Seaboard St, ,Myrtle Beach,SC,29577-6544,9055,1313 S Briggs Ave, ,Durham,NC,27703-5049,US,ACH, , , ,21583061
Invoice Line,G869990,East Coast Metal Dist LLC,3793200,00001,NITROGEN 40 CONTENTS ONLY,83141,211040,14.47,1,EA,21583061,001,,,,,,,,,,,,,,,,,,,
Invoice Line,G869990,East Coast Metal Dist LLC,3793200,00002,MC ACETYLENE 10 CONTENTS ONLY,83135,311010,15.68,1,EA,21583061,002,,,,,,,,,,,,,,,,,,,
Invoice Line,G869990,East Coast Metal Dist LLC,3793200,00003,102M 10X4 SIDEWALL/CLG REGISTER,49782,102M10X04,3.27,9,EA,21583061,003,,,,,,,,,,,,,,,,,,,
Invoice,G870230,East Coast Metal Dist LLC,3793200,5/1/2026,Yes, ,, ,No,1.48,AMERICAN RESIDENTIAL SERVICES LLC,USD, ,East Coast Metal Dist LLC,615B Seaboard St, ,Myrtle Beach,SC,29577-6544,9055,1313 S Briggs Ave, ,Durham,NC,27703-5049,US,ACH, , , ,21578985
Invoice Line,G870230,East Coast Metal Dist LLC,3793200,00001,122SC 16  DB COLLAR UNSNAPPED,17359,122SC16,3.8,3,EA,21578985,001,,,,,,,,,,,,,,,,,,,
Invoice Line,G870230,East Coast Metal Dist LLC,3793200,00002,122SC 14  DB COLLAR UNSNAPPED,17358,122SC14,2.65,2,EA,21578985,002,,,,,,,,,,,,,,,,,,,
Invoice,G878779,East Coast Metal Dist LLC,3793200,5/7/2026,Yes, ,, ,No,7.23,AMERICAN RESIDENTIAL SERVICES LLC,USD, ,East Coast Metal Dist LLC,615B Seaboard St, ,Myrtle Beach,SC,29577-6544,9055,1313 S Briggs Ave, ,Durham,NC,27703-5049,US,ACH, , , ,21579783
Invoice Line,G878779,East Coast Metal Dist LLC,3793200,00001,12  FOIL FLEX R8 25' BX KM,21781,056312000001,80.45,1,EA,21579783,001,,,,,,,,,,,,,,,,,,,
Invoice,G879044,East Coast Metal Dist LLC,3793200,5/7/2026,Yes, ,, ,No,4.75,AMERICAN RESIDENTIAL SERVICES LLC,USD, ,East Coast Metal Dist LLC,201 E COX FERRY RD, ,Conway,SC,29526,9055,1313 S Briggs Ave, ,Durham,NC,27703-5049,US,ACH, , , ,21635479
Invoice Line,G879044,East Coast Metal Dist LLC,3793200,00001,20X30X1 AIR FILTER,70330,GDS20301,6.66,1,EA,21635479,004,,,,,,,,,,,,,,,,,,,
Invoice Line,G879044,East Coast Metal Dist LLC,3793200,00002,20X25X1 AIR FILTER,70320,GDS20251,2.64,1,EA,21635479,003,,,,,,,,,,,,,,,,,,,
Invoice Line,G879044,East Coast Metal Dist LLC,3793200,00003,190RF 20X25 FILTER RETURN GRILLE,49774,190RF20X25,20.77,1,EA,21635479,001,,,,,,,,,,,,,,,,,,,
Invoice Line,G879044,East Coast Metal Dist LLC,3793200,00004,190RF 20X30 FILTER RETURN GRILLE,49775,190RF20X30,28.98,1,EA,21635479,002,,,,,,,,,,,,,,,,,,,
Invoice,G879049,East Coast Metal Dist LLC,3793200,5/7/2026,Yes, ,, ,No,28.32,AMERICAN RESIDENTIAL SERVICES LLC,USD, ,East Coast Metal Dist LLC,201 E COX FERRY RD, ,Conway,SC,29526,9055,1313 S Briggs Ave, ,Durham,NC,27703-5049,US,ACH, , , ,068724
Invoice Line,G879049,East Coast Metal Dist LLC,3793200,00001,DCF887M2 DEWALT IMPACT DRIVER,326778A,DCF887M2,354.04,1,EA,068724,001,,,,,,,,,,,,,,,,,,,
Invoice,G881063,East Coast Metal Dist LLC,3793200,5/8/2026,Yes, ,, ,No,2.32,AMERICAN RESIDENTIAL SERVICES LLC,USD, ,East Coast Metal Dist LLC,201 E COX FERRY RD, ,Conway,SC,29526,9055,1313 S Briggs Ave, ,Durham,NC,27703-5049,US,ACH, , , ,21640477
Invoice Line,G881063,East Coast Metal Dist LLC,3793200,00001,PLASTIC ANCHOR KIT,79044,540-AK100,9.1,1,EA,21640477,002,,,,,,,,,,,,,,,,,,,
Invoice Line,G881063,East Coast Metal Dist LLC,3793200,00002,8X2 HWH WHT REGISTER SCREW ZINC,360813A,TP-8X2TPW250,19.85,1,EA,21640477,001,,,,,,,,,,,,,,,,,,,
Invoice,G883024,East Coast Metal Dist LLC,3793200,5/11/2026,Yes, ,, ,No,5.7,AMERICAN RESIDENTIAL SERVICES LLC,USD, ,East Coast Metal Dist LLC,615B Seaboard St, ,Myrtle Beach,SC,29577-6544,9055,1313 S Briggs Ave, ,Durham,NC,27703-5049,US,ACH, , , ,21651413
Invoice Line,G883024,East Coast Metal Dist LLC,3793200,00001,ATT 14  TAKEOFF PLAIN,16789,ATT14,9.1,2,EA,21651413,001,,,,,,,,,,,,,,,,,,,
Invoice Line,G883024,East Coast Metal Dist LLC,3793200,00002,NITROGEN 40 CONTENTS ONLY,83141,211040,14.47,1,EA,21651413,002,,,,,,,,,,,,,,,,,,,
Invoice Line,G883024,East Coast Metal Dist LLC,3793200,00003,8X3/4 PPT/TEK SCREW,71366,014187,30.85,1,EA,21651413,003,,,,,,,,,,,,,,,,,,,
Invoice,G883025,East Coast Metal Dist LLC,3793200,5/11/2026,Yes, ,, ,No,4.03,AMERICAN RESIDENTIAL SERVICES LLC,USD, ,East Coast Metal Dist LLC,615B Seaboard St, ,Myrtle Beach,SC,29577-6544,9055,1313 S Briggs Ave, ,Durham,NC,27703-5049,US,ACH, , , ,21651495
Invoice Line,G883025,East Coast Metal Dist LLC,3793200,00001,MC ACETYLENE 10 CONTENTS ONLY,83135,311010,15.68,1,EA,21651495,001,,,,,,,,,,,,,,,,,,,
Invoice Line,G883025,East Coast Metal Dist LLC,3793200,00002,NITROGEN 40 CONTENTS ONLY,83141,211040,14.47,2,EA,21651495,002,,,,,,,,,,,,,,,,,,,
Invoice,G883052,East Coast Metal Dist LLC,3793200,5/11/2026,Yes, ,, ,No,-2.86,AMERICAN RESIDENTIAL SERVICES LLC,USD, ,East Coast Metal Dist LLC,201 E COX FERRY RD, ,Conway,SC,29526,9055,1313 S Briggs Ave, ,Durham,NC,27703-5049,US,ACH, , ,Yes,21635479
Invoice Line,G883052,East Coast Metal Dist LLC,3793200,00001,20X30X1 AIR FILTER,70330,GDS20301,6.66,-1,EA,21635479,001,,,,,,,,,,,,,,,,,,,
Invoice Line,G883052,East Coast Metal Dist LLC,3793200,00002,190RF 20X30 FILTER RETURN GRILLE,49775,190RF20X30,28.98,-1,EA,21635479,002,,,,,,,,,,,,,,,,,,,
Invoice,G885348,East Coast Metal Dist LLC,3793200,5/12/2026,Yes, ,, ,No,6.79,AMERICAN RESIDENTIAL SERVICES LLC,USD, ,East Coast Metal Dist LLC,615B Seaboard St, ,Myrtle Beach,SC,29577-6544,9055,1313 S Briggs Ave, ,Durham,NC,27703-5049,US,ACH, , , ,21661619
Invoice Line,G885348,East Coast Metal Dist LLC,3793200,00001,MC ACETYLENE 10 CONTENTS ONLY,83135,311010,15.68,1,EA,21661619,001,,,,,,,,,,,,,,,,,,,
Invoice Line,G885348,East Coast Metal Dist LLC,3793200,00002,TH2320U4006 P200 3H/2C PRG TSTAT,380597A,TH2320U4006/U,59.5,1,EA,21661619,002,,,,,,,,,,,,,,,,,,,
Invoice,G885351,East Coast Metal Dist LLC,3793200,5/12/2026,Yes, ,, ,No,5.37,AMERICAN RESIDENTIAL SERVICES LLC,USD, ,East Coast Metal Dist LLC,615B Seaboard St, ,Myrtle Beach,SC,29577-6544,9055,1313 S Briggs Ave, ,Durham,NC,27703-5049,US,ACH, , , ,21655983
Invoice Line,G885351,East Coast Metal Dist LLC,3793200,00001,TH2320U4006 P200 3H/2C PRG TSTAT,380597A,TH2320U4006/U,59.5,1,EA,21655983,001,,,,,,,,,,,,,,,,,,,
Invoice,G885423,East Coast Metal Dist LLC,3793200,5/12/2026,Yes, ,, ,No,10.17,AMERICAN RESIDENTIAL SERVICES LLC,USD, ,East Coast Metal Dist LLC,615B Seaboard St, ,Myrtle Beach,SC,29577-6544,9055,1313 S Briggs Ave, ,Durham,NC,27703-5049,US,ACH, , , ,21661967
Invoice Line,G885423,East Coast Metal Dist LLC,3793200,00001,TDC-4 4  TIE DOWN CLIP 4PK,376085A,TDC-4,9.53,3,EA,21661967,001,,,,,,,,,,,,,,,,,,,
Invoice Line,G885423,East Coast Metal Dist LLC,3793200,00002,NITROGEN 40 CONTENTS ONLY,83141,211040,14.47,1,EA,21661967,008,,,,,,,,,,,,,,,,,,,
Invoice Line,G885423,East Coast Metal Dist LLC,3793200,00003,122SC 12  DB COLLAR UNSNAPPED,17357,122SC12,2.14,2,EA,21661967,005,,,,,,,,,,,,,,,,,,,
Invoice Line,G885423,East Coast Metal Dist LLC,3793200,00004,122SC 14  DB COLLAR UNSNAPPED,17358,122SC14,2.65,2,EA,21661967,006,,,,,,,,,,,,,,,,,,,
Invoice Line,G885423,East Coast Metal Dist LLC,3793200,00005,122SC 16  DB COLLAR UNSNAPPED,17359,122SC16,3.8,2,EA,21661967,007,,,,,,,,,,,,,,,,,,,
Invoice Line,G885423,East Coast Metal Dist LLC,3793200,00006,8X1/2 HWH SELF DRILL TYPE 2 ZINC,360835A,TP-8X1/2DP500,12.65,1,EA,21661967,002,,,,,,,,,,,,,,,,,,,
Invoice Line,G885423,East Coast Metal Dist LLC,3793200,00007,8X2 HWH WHITE REGISTER SCREW ZC,360846A,TP-8X2TPW100,10.3,1,EA,21661967,003,,,,,,,,,,,,,,,,,,,
Invoice Line,G885423,East Coast Metal Dist LLC,3793200,00008,HW 8X1/2ZT ZIP-IN SCREW,71377,HW8X1/2ZT,29.51,1,EA,21661967,004,,,,,,,,,,,,,,,,,,,
Invoice,G892165,East Coast Metal Dist LLC,3793200,5/15/2026,Yes, ,, ,No,16.26,AMERICAN RESIDENTIAL SERVICES LLC,USD, ,East Coast Metal Dist LLC,615B Seaboard St, ,Myrtle Beach,SC,29577-6544,9055,1313 S Briggs Ave, ,Durham,NC,27703-5049,US,ACH, , , ,21633517
Invoice Line,G892165,East Coast Metal Dist LLC,3793200,00001,97FC 7  FLEX CONNECTOR,17107,97FC7,2.1,2,EA,21633517,006,,,,,,,,,,,,,,,,,,,
Invoice Line,G892165,East Coast Metal Dist LLC,3793200,00002,97FC 5  FLEX CONNECTOR,17105,97FC5,2.09,2,EA,21633517,007,,,,,,,,,,,,,,,,,,,
Invoice Line,G892165,East Coast Metal Dist LLC,3793200,00003,ATRP/ATTRP 4  TAKEOFF RD PIPE,17066,ATTRP4,5.4,1,EA,21633517,001,,,,,,,,,,,,,,,,,,,
Invoice Line,G892165,East Coast Metal Dist LLC,3793200,00004,ATRP/ATTRP 5  TAKEOFF RD PIPE,17067,ATTRP5,3.99,2,EA,21633517,002,,,,,,,,,,,,,,,,,,,
Invoice Line,G892165,East Coast Metal Dist LLC,3793200,00005,ATRP/ATTRP 6  TAKEOFF RD PIPE,17060,ATTRP6,4.35,1,EA,21633517,003,,,,,,,,,,,,,,,,,,,
Invoice Line,G892165,East Coast Metal Dist LLC,3793200,00006,66NC     5X4  REDUCER,17505,5854,4.07,2,EA,21633517,008,,,,,,,,,,,,,,,,,,,
Invoice Line,G892165,East Coast Metal Dist LLC,3793200,00007,3  CHIP BRUSH FOR SEALANTS,69562,TP-B3,0.65,3,EA,21633517,010,,,,,,,,,,,,,,,,,,,
Invoice Line,G892165,East Coast Metal Dist LLC,3793200,00008,365      3   NASHUA METALIZED,69469,1086168,18.69,3,EA,21633517,009,,,,,,,,,,,,,,,,,,,
Invoice Line,G892165,East Coast Metal Dist LLC,3793200,00009,7  FOIL FLEX R8 25' BX KM,21778,056307000001,49.55,1,EA,21633517,004,,,,,,,,,,,,,,,,,,,
Invoice Line,G892165,East Coast Metal Dist LLC,3793200,00010,4  FOIL FLEX R8 25' BX KM,21775,056304000001,39.4,1,EA,21633517,005,,,,,,,,,,,,,,,,,,,
Invoice,G893204,East Coast Metal Dist LLC,3793200,5/15/2026,Yes, ,, ,No,85.47,AMERICAN RESIDENTIAL SERVICES LLC,USD, ,East Coast Metal Dist LLC,615B Seaboard St, ,Myrtle Beach,SC,29577-6544,9055,1313 S Briggs Ave, ,Durham,NC,27703-5049,US,ACH, , , ,21676927
Invoice Line,G893204,East Coast Metal Dist LLC,3793200,00001,3X48X50 FRK D WRAP .75# R8* OC*,69300,670733,115,1,EA,21676927,001,,,,,,,,,,,,,,,,,,,
Invoice Line,G893204,East Coast Metal Dist LLC,3793200,00002,1060 14  FREE FLOW TEE 26G,17341,10602614,40.86,1,EA,21676927,003,,,,,,,,,,,,,,,,,,,
Invoice Line,G893204,East Coast Metal Dist LLC,3793200,00003,SLB60 14  28G SL PIPE 5' BEADED,15514,SLB601428,19.8,2,EA,21676927,004,,,,,,,,,,,,,,,,,,,
Invoice Line,G893204,East Coast Metal Dist LLC,3793200,00004,SLB60 12  30G SL PIPE 5' BEADED,305940A,SLB601230,15.55,2,EA,21676927,005,,,,,,,,,,,,,,,,,,,
Invoice Line,G893204,East Coast Metal Dist LLC,3793200,00005,ATDRP 4  RD TAKEOFF W/DMP,17077,ATDRP4,14.15,1,EA,21676927,007,,,,,,,,,,,,,,,,,,,
Invoice Line,G893204,East Coast Metal Dist LLC,3793200,00006,ATDRP 6  RD TAKEOFF W/DMP,17068,ATDRP6,10.4,7,EA,21676927,008,,,,,,,,,,,,,,,,,,,
Invoice Line,G893204,East Coast Metal Dist LLC,3793200,00007,55 12  END CAP NOT CRIMPED,17472,5512NC,7.05,2,EA,21676927,006,,,,,,,,,,,,,,,,,,,
Invoice Line,G893204,East Coast Metal Dist LLC,3793200,00008,73C 16X20-14 SQ/RD TRANS,19351,162014,59.18,1,EA,21676927,002,,,,,,,,,,,,,,,,,,,
Invoice Line,G893204,East Coast Metal Dist LLC,3793200,00009,85R8 4X10-4 BOOT R8 2  INS,16552,85R84104,15.23,1,EA,21676927,011,,,,,,,,,,,,,,,,,,,
Invoice Line,G893204,East Coast Metal Dist LLC,3793200,00010,85R8 4X10-6 BOOT R8 2  INS,16529,85R84106,15.23,7,EA,21676927,012,,,,,,,,,,,,,,,,,,,
Invoice Line,G893204,East Coast Metal Dist LLC,3793200,00011,66NC    14X12  REDUCER,17539,581412,8.88,2,EA,21676927,013,,,,,,,,,,,,,,,,,,,
Invoice Line,G893204,East Coast Metal Dist LLC,3793200,00012,6  FOIL FLEX R8 25' BX KM,21777,056306000001,45,8,EA,21676927,014,,,,,,,,,,,,,,,,,,,
Invoice Line,G893204,East Coast Metal Dist LLC,3793200,00013,4  FOIL FLEX R8 25' BX KM,21775,056304000001,39.4,1,EA,21676927,015,,,,,,,,,,,,,,,,,,,
Invoice Line,G893204,East Coast Metal Dist LLC,3793200,00014,20X25X1 AIR FILTER,70320,GDS20251,2.64,1,EA,21676927,010,,,,,,,,,,,,,,,,,,,
Invoice Line,G893204,East Coast Metal Dist LLC,3793200,00015,190RF 20X25 FILTER RETURN GRILLE,49774,190RF20X25,20.77,1,EA,21676927,009,,,,,,,,,,,,,,,,,,,
Invoice,G894574,East Coast Metal Dist LLC,3793200,5/18/2026,Yes, ,, ,No,75.74,AMERICAN RESIDENTIAL SERVICES LLC,USD, ,East Coast Metal Dist LLC,615B Seaboard St, ,Myrtle Beach,SC,29577-6544,9055,1313 S Briggs Ave, ,Durham,NC,27703-5049,US,ACH, , , ,21649315
Invoice Line,G894574,East Coast Metal Dist LLC,3793200,00001,111 14  28 GA 4PC ADJ ELL-BANDED,15614,901428,9.7,1,EA,21649315,008,,,,,,,,,,,,,,,,,,,
Invoice Line,G894574,East Coast Metal Dist LLC,3793200,00002,111 12  30 GA 4PC ADJ ELL-BANDED,15612,901230,7.95,1,EA,21649315,009,,,,,,,,,,,,,,,,,,,
Invoice Line,G894574,East Coast Metal Dist LLC,3793200,00003,SLB60 10  30G SL PIPE 5' BEADED,15510,SLB601030,11.95,2,EA,21649315,004,,,,,,,,,,,,,,,,,,,
Invoice Line,G894574,East Coast Metal Dist LLC,3793200,00004,SLB60 14  28G SL PIPE 5' BEADED,15514,SLB601428,19.8,3,EA,21649315,001,,,,,,,,,,,,,,,,,,,
Invoice Line,G894574,East Coast Metal Dist LLC,3793200,00005,SLB60 12  30G SL PIPE 5' BEADED,305940A,SLB601230,15.55,2,EA,21649315,003,,,,,,,,,,,,,,,,,,,
Invoice Line,G894574,East Coast Metal Dist LLC,3793200,00006,SLB48 16  28G SL PIPE 4' BEADED,15431,SLB481628,25.05,2,EA,21649315,002,,,,,,,,,,,,,,,,,,,
Invoice Line,G894574,East Coast Metal Dist LLC,3793200,00007,55 10  END CAP NOT CRIMPED,17471,5510NC,4.86,1,EA,21649315,010,,,,,,,,,,,,,,,,,,,
Invoice Line,G894574,East Coast Metal Dist LLC,3793200,00008,27R 4X10-6 STR BCK BOOT,16268,27R4106,2.68,2,EA,21649315,013,,,,,,,,,,,,,,,,,,,
Invoice Line,G894574,East Coast Metal Dist LLC,3793200,00009,ATRP/ATTRP 6  TAKEOFF RD PIPE,17060,ATTRP6,4.35,18,EA,21649315,012,,,,,,,,,,,,,,,,,,,
Invoice Line,G894574,East Coast Metal Dist LLC,3793200,00010,66NC    12X10 REDUCER,17531,581210,6.16,1,EA,21649315,007,,,,,,,,,,,,,,,,,,,
Invoice Line,G894574,East Coast Metal Dist LLC,3793200,00011,66NC    16X14  REDUCER,17545,581614,16.1,1,EA,21649315,005,,,,,,,,,,,,,,,,,,,
Invoice Line,G894574,East Coast Metal Dist LLC,3793200,00012,66NC    14X12  REDUCER,17539,581412,8.88,1,EA,21649315,006,,,,,,,,,,,,,,,,,,,
Invoice Line,G894574,East Coast Metal Dist LLC,3793200,00013,6  FOIL FLEX R8 25' BX KM,21777,056306000001,45,12,EA,21649315,011,,,,,,,,,,,,,,,,,,,
Invoice,G896795,East Coast Metal Dist LLC,3793200,5/19/2026,Yes, ,, ,No,58.1,AMERICAN RESIDENTIAL SERVICES LLC,USD, ,East Coast Metal Dist LLC,615B Seaboard St, ,Myrtle Beach,SC,29577-6544,9055,1313 S Briggs Ave, ,Durham,NC,27703-5049,US,ACH, , , ,21649315
Invoice Line,G896795,East Coast Metal Dist LLC,3793200,00001,20X20X20 OTB LR8,356984A,OTB202020R8,79.8,1,EA,21649315,007,,,,,,,,,,,,,,,,,,,
Invoice Line,G896795,East Coast Metal Dist LLC,3793200,00002,ATT 12  TAKEOFF PLAIN,16788,ATT12,7.74,4,EA,21649315,006,,,,,,,,,,,,,,,,,,,
Invoice Line,G896795,East Coast Metal Dist LLC,3793200,00003,ATT 16  TAKEOFF PLAIN,16790,ATT16,10.83,1,EA,21649315,008,,,,,,,,,,,,,,,,,,,
Invoice Line,G896795,East Coast Metal Dist LLC,3793200,00004,78 16X14X14 WYE BRANCH,17659,78161414,50.75,1,EA,21649315,004,,,,,,,,,,,,,,,,,,,
Invoice Line,G896795,East Coast Metal Dist LLC,3793200,00005,66NC    14X12  REDUCER,17539,581412,8.88,2,EA,21649315,005,,,,,,,,,,,,,,,,,,,
Invoice Line,G896795,East Coast Metal Dist LLC,3793200,00006,557 3  METALIZED UL181-B-FX TAPE,69495,1086937,22.85,1,EA,21649315,001,,,,,,,,,,,,,,,,,,,
Invoice Line,G896795,East Coast Metal Dist LLC,3793200,00007,16  FOIL FLEX R8 25' BX KM,21783,056316000001,110.25,1,EA,21649315,002,,,,,,,,,,,,,,,,,,,
Invoice Line,G896795,East Coast Metal Dist LLC,3793200,00008,12  FOIL FLEX R8 25' BX KM,21781,056312000001,80.45,4,EA,21649315,003,,,,,,,,,,,,,,,,,,,
Invoice,G902078,East Coast Metal Dist LLC,3793200,5/21/2026,Yes, ,, ,No,126.55,AMERICAN RESIDENTIAL SERVICES LLC,USD, ,East Coast Metal Dist LLC,615B Seaboard St, ,Myrtle Beach,SC,29577-6544,9055,1313 S Briggs Ave, ,Durham,NC,27703-5049,US,ACH, , , ,21708477
Invoice Line,G902078,East Coast Metal Dist LLC,3793200,00001,DAIKIN ENTRA/OTERRA SYSTEM PROMO,PC7306,PC7306,238.46,-1,EA,21708477,003,,,,,,,,,,,,,,,,,,,
Invoice Line,G902078,East Coast Metal Dist LLC,3793200,00002,RXC18AXVJU ENTRA 18K HP O/D R32,376489A,RXC18AXVJU,1062.32,1,EA,21708477,001,,,,,,,,,,,,,,,,,,,
Invoice Line,G902078,East Coast Metal Dist LLC,3793200,00003,FTXC18AXVJU ENTRA 18K HP I/D R32,376485A,FTXC18AXVJU,434.14,1,EA,21708477,002,,,,,,,,,,,,,,,,,,,
Invoice Line,G902078,East Coast Metal Dist LLC,3793200,00004,230-CP4 4  UNION CPLNG SPDCHNL,81816,230-CP4,8.13,3,EA,21708477,004,,,,,,,,,,,,,,,,,,,
Invoice Line,G902078,East Coast Metal Dist LLC,3793200,00005,230-WC4 4 WALL PENETRATION COVER,81818,230-WC4,20.15,1,EA,21708477,005,,,,,,,,,,,,,,,,,,,
Invoice Line,G902078,East Coast Metal Dist LLC,3793200,00006,230-D4A 4  SPEEDICHANNEL,351278A,230-D4A,34.55,3,EA,21708477,006,,,,,,,,,,,,,,,,,,,
Invoice,G918094,East Coast Metal Dist LLC,3793200,6/1/2026,Yes, ,, ,No,23.19,AMERICAN RESIDENTIAL SERVICES LLC,USD, ,East Coast Metal Dist LLC,615B Seaboard St, ,Myrtle Beach,SC,29577-6544,9055,1313 S Briggs Ave, ,Durham,NC,27703-5049,US,ACH, , , ,3402136
Invoice Line,G918094,East Coast Metal Dist LLC,3793200,00001,ATT 14  TAKEOFF PLAIN,16789,ATT14,9.1,1,EA,3402136,001,,,,,,,,,,,,,,,,,,,
Invoice Line,G918094,East Coast Metal Dist LLC,3793200,00002,ATT 16  TAKEOFF PLAIN,16790,ATT16,10.83,2,EA,3402136,002,,,,,,,,,,,,,,,,,,,
Invoice Line,G918094,East Coast Metal Dist LLC,3793200,00003,14  FOIL FLEX R8 25' BX KM,21782,056314000001,91.5,1,EA,3402136,003,,,,,,,,,,,,,,,,,,,
Invoice Line,G918094,East Coast Metal Dist LLC,3793200,00004,16  FOIL FLEX R8 25' BX KM,21783,056316000001,110.25,1,EA,3402136,004,,,,,,,,,,,,,,,,,,,
Invoice Line,G918094,East Coast Metal Dist LLC,3793200,00005,135 26G STANDING S CLEAT 10',25020A,135120,12.4,2,EA,3402136,005,,,,,,,,,,,,,,,,,,,
Invoice,G921553,East Coast Metal Dist LLC,3793200,6/2/2026,Yes, ,, ,No,-10.05,AMERICAN RESIDENTIAL SERVICES LLC,USD, ,East Coast Metal Dist LLC,615B Seaboard St, ,Myrtle Beach,SC,29577-6544,9055,1313 S Briggs Ave, ,Durham,NC,27703-5049,US,ACH, , ,Yes,3402136
Invoice Line,G921553,East Coast Metal Dist LLC,3793200,00001,ATT 14  TAKEOFF PLAIN,16789,ATT14,9.1,-1,EA,3402136,001,,,,,,,,,,,,,,,,,,,
Invoice Line,G921553,East Coast Metal Dist LLC,3793200,00002,ATT 16  TAKEOFF PLAIN,16790,ATT16,10.83,-1,EA,3402136,002,,,,,,,,,,,,,,,,,,,
Invoice Line,G921553,East Coast Metal Dist LLC,3793200,00003,14  FOIL FLEX R8 25' BX KM,21782,056314000001,91.5,-1,EA,3402136,003,,,,,,,,,,,,,,,,,,,
